full_title,last_name,first_name,role
The Ming Tribute Grain System,Hoshi,Ayao,
Commerce and Society in Sung China,Shiba,Yoshinobu,
Transport in Transition: The Evolution of Traditional Shipping in China,Watson,Andrew,
"Japanese Perspectives on China's Early Modernization: The Self-Strengthening Movement, 1860–1895",Kim,K.,
The Silk Industry in Ch'ing China,Shih,Min-hsiung,
The Pawnshop in China,Yang,Chao-yu,
The Tower of Myriad Mirrors: A Supplement to Journey to the West,Yueh,Tung,
The World around the Chinese Artist: Aspects of Realism in Chinese Painting,Edwards,Richard,
The Concept of Man in Contemporary China,Munro,Donald,
The Chinese Calculus of Deterrence: India and Indochina,Whiting,Allen,
Pan Chao: Foremost Woman Scholar of China,Swann,Nancy Lee,
The Concept of Man in Early China,Munro,Donald,
Exiles at Home: Stories by Ch'en Ying-chen,Miller,Lucien,
"""At Middle Age"": A Learning Guide",Ma,Jing-heng,
"""A Great Wall"": A Learning Guide",Ma,Jing-heng,
"""Strange Friends"": A Learning Guide",Ma,Jing-heng,
"""The Girl in Red"": A Study Guide for the Film",Ling,Vivian,
"""The True Story of Ah Q"": A Learning Guide",Ma,Jing-heng,
"""Under the Bridge"": A Study Guide for the Film",Ling,Vivian,
"The Chinese Economy, 1912–1949",Feuerwerker,Albert,
The Cultural Revolution: 1967 in Review,Oksenberg,Michel,
Two Studies in Chinese Literature,Chi,Li,
Early Communist China: Two Studies,Suleski,Ronald,
"The Chinese Economy, ca. 1870–1911",Feuerwerker,Albert,
"Chinese Paintings in Chinese Publications, 1956–1968: An Annotated Bibliography and Index to the Paintings",Laing,Ellen,
The Treaty Ports and China's Modernization: What Went Wrong?,Murphey,Rhoads,
Two Twelfth-Century Texts on Chinese Painting,Maeda,Robert,
"The Economy of Communist China, 1949–1969",Cheng,Chu-yuan,
Educated Youth and the Cultural Revolution in China,Singer,Martin,
Premodern China: A Bibliographical Introduction,Chang,Chun-shu,
Two Studies on Ming History,Hucker,Charles,
Nineteenth-Century China: Five Imperialist Perspectives,Basu,Dilip,
"Modern China, 1840–1972: An Introduction to Sources and Aids",Nathan,Andrew,
Women in China: Studies in Social Change and Feminism,Young,Marilyn,
An Annotated Bibliography of Chinese Painting Catalogues and Related Texts,Lovell,Hin-cheung,
"China's Allocation of Fixed Capital Investment, 1952–1957",Cheng,Chu-yuan,
"Health, Conflict, and the Chinese Political System",Lampton,David,
Chinese and Japanese Music-Dramas,Crump,James I.,
Hsin-lun (New Treatise) and Other Writings by Huan T'an (43 B.C.–28 A.D.),Pokora,Timoteus,
Rebellion in Nineteenth-Century China,Feuerwerker,Albert,
"Between Two Plenums: China's Intraleadership Conflict, 1959–1962",Joffe,Ellis,
"""Proletarian Hegemony"" in the Chinese Revolution and the Canton Commune of 1927",Thomas,S. Bernard,
"Chinese Communist Materials at the Bureau of Investigation Archives, Taiwan",Donovan,Peter,
"Shanghai Old-Style Banks (Ch'ien-chuang), 1800–1935: A Traditional Institution in a Changing Society",McElderry,Andrea,
The Sian Incident: A Pivotal Point in Modern Chinese History,Wu,Tien-wei,
State and Society in Eighteenth-Century China: The Ch'ing Empire in Its Glory,Feuerwerker,Albert,
"Intellectual Ferment for Political Reforms in Taiwan, 1971–1973",Huang,Mab,
Foreign Establishment in China in the Early Twentieth Century,Feuerwerker,Albert,
A Translation of Lao-tzu's Tao Te Ching and Wang Pi's Commentary,Lin,Paul,
"Economic Trends in the Republic of China, 1912–1949",Feuerwerker,Albert,
Chang Ch'un-ch'iao and Shanghai's January Revolution,Walder,Andrew,
Central Documents and Politburo Politics in China,Lieberthal,Kenneth,
The Ming Dynasty: Its Origins and Evolving Institutions,Hucker,Charles,
Double Jeopardy: A Critique of Seven Yüan Courtroom Dramas,Perng,Ching-Hsi,
Chinese Domestic Politics and Foreign Policy in the 1970s,Whiting,Allen,
"Shanghai, 1925: Urban Nationalism and the Defense of Foreign Privilege",Clifford,Nicholas,
Voices from Afar: Modern Chinese Writers on Oppressed Peoples and Their Literature,Eber,Irene,
"Mao Zedong's ""Talks at the Yan'an Conference on Literature and Art"": A Translation of the 1943 Text with Commentary",McDougall,Bonnie,
Yuarn Music Dramas: Studies in Prosody and Structure and a Complete Catalogue of Northern Arias in the Dramatic Style,Johnson,Dale,
Proclaiming Harmony,Hennessey,William,
A Song for One or Two: Music and the Concept of Art in Early China,DeWoskin,Kenneth,
The Economic Development of Manchuria: The Rise of a Frontier Economy,Chao,Kang,
A Bibliography of Chinese Language Materials on the People's Communes,Ma,Wei-yi,
"Chinese Social and Economic History from the Song to 1900: Report of the American Delegation to a Sino-American Symposium, Beijing, 26 October–1 November 1980",Feuerwerker,Albert,
China's Universities: Post-Mao Enrollment Policies and Their Impact on the Structure of Secondary Education,Pepper,Suzanne,
Songs from Xanadu: Studies in Mongol Dynasty Song-Poetry (San-ch'ü),Crump,James I.,
"Social Organization in South China, 1911–1949: The Case of Kuan Lineage in K'ai-p'ing County",Woon,Yuen-fong,
"Labor and the Chinese Revolution: Class Strategies and Contradictions of Chinese Communism, 1928–1948",Thomas,S. Bernard,
Soviet Studies of Premodern China: Assessments of Recent Scholarship,Rozman,Gilbert,
Career Patterns in the Ch'ing Dynasty: The Office of the Governor General,Chu,Raymond,
Individualism and Holism: Studies in Confucian and Taoist Values,Munro,Donald,
Educational Reform in Early Twentieth-Century China,Bastid,Marianne,
"The Red Spears, 1916–1949",Tai,Hsuan-chih,
Paths to Power: Elite Mobility in Contemporary China,Lampton,David,
Citizens and Groups in Contemporary China,Falkenheim,Victor,
Exiles at Home: Short Stories by Ch'en Ying-chen,Miller,Lucien,
Geographical Sources of Ming-Qing History,Brook,Timothy,
Mandarin and the Cadre: China's Political Cultures,Pye,Lucian,
"Nourish the People: The State Civilian Granary System in China, 1650–1850",Will,Pierre-Etienne,
Taoist Meditation and Longevity Techniques,Kohn,Livia,
Chinese Theater in Days of Kublai Khan,Crump,James I.,
In the Voice of Others: Chinese Music Bureau Poetry,Allen,Joseph,
Song-Poems from Xanadu,Crump,James I.,
Classifying the Zhuangzi Chapters,Liu,Xiaogan,
Tao Qian and the Chinese Poetic Tradition: The Quest for Cultural Identity,Kwong,Charles,
Pearl from the Dragon's Mouth: Evocation of Scene and Feeling in Chinese Poetry,Sun,Cecile,
Painting and Calligraphy in the Wu-tsa-tsu: Conservative Aesthetics in Seventeenth-Century China,Oertling,Sewall,
"Controlling from Afar: The Daoguang Emperor's Management of the Grand Canal Crisis, 1824–1826",Leonard,Jane,
"Studies in the Economic History of Late Imperial China: Handicraft, Modern Industry, and the State",Feuerwerker,Albert,
"The Chinese Economy, 1870–1949",Feuerwerker,Albert,
The Imperial Style of Inquiry in Twentieth-Century China: The Emergence of New Approaches,Munro,Donald,
"Conflicting Counsels to Confuse the Age: A Documentary Study of Political Economy in Qing China, 1644–1840",Dunstan,Helen,
A Guide to Chinese Literature,Idema,Wilt,
The Matrix of Lyric Transformation: Poetic Modes and Self-Presentation in Early Chinese Pentasyllabic Poetry,Cai,Zong-qi,
An Index to Reproductions of Paintings by Twentieth-Century Chinese Artists,Laing,Ellen,
Chan-kuo Ts'e,Crump,James I.,
Constructing China: The Interaction of Culture and Economics,Lieberthal,Kenneth,
Appropriation and Representation: Feng Menglong and the Chinese Vernacular Story,Yang,Shuhui,
Reform and Revolution in China: The 1911 Revolution in Hunan and Hubei,Esherick,Joseph,
"The Chinese: Adapting the Past, Building the Future",Dernberger,Robert,
Mao's Revolution and the Chinese Political Culture,Solomon,Richard,
"Legends of the Warring States: Persuasions, Romances, and Stories from Chan-kuo Ts'e",Crump,James I.,
God of the Dao: Lord Lao in History and Myth,Kohn,Livia,
Sui-Tang Chang'an: A Study in the Urban History of Late Medieval China,Xiong,Victor,
Chen Jiongming and the Federalist Movement: Regional Leadership and Nation Building in Early Republican China,Chen,Leslie,
Swallows and Settlers: The Great Migration from North China to Manchuria,Gottschang,Thomas,
The Peony Pavilion Onstage: Four Centuries in the Career of a Chinese Drama,Swatek,Catherine,
"A Glossary of Words and Phrases in the Oral Performing and Dramatic Literatures of the Jin, Yuan, and Ming",Johnson,Dale,
"Radicalism and Its Demise: The Chinese Nationalist Party, Factionalism, and Local Elites in Jiangsu Province, 1924–1931",Geisert,Bradley,
"Christianity in Rural China: Conflict and Accommodation in Jiangxi Province, 1860–1900",Sweeten,Alan,
"Screening China: Critical Interventions, Cinematic Reconfigurations, and the Transnational Imaginary in Contemporary Chinese Cinema",Zhang,Yingjin,
The Chinese Garden as Lyric Enclave: A Generic Study of The Story of the Stone,Xiao,Chi,
Art and Aesthetics in Chinese Popular Prints: Selections from the Muban Foundation Collection,Laing,Ellen,
Shih-shuo Hsin-yü: A New Account of Tales of the World,Mather,Richard,
China's Revolutions and Intergenerational Relations,Whyte,Martin,
"Defining Modernity: Guomindang Rhetorics of a New China, 1920–1970",Bodenhorn,Terry,
"The Dianshizhai Pictorial: Shanghai Urban Life, 1884–1898",Ye,Xiaoqing,
Salt and State: An Annotated Translation of the Songshi Salt Monopoly Treatise,Chien,Cecilia,
Banner Legacy: The Rise of the Fengtian Local Elite at the End of the Qing,Enatsu,Yoshiki,
"China: Adapting the Past, Confronting the Future",Buoye,Thomas,
"The Chinese: Adapting the Past, Facing the Future",Dernberger,Robert,
Chinese Language Patterns: A Computerized Resource,Ma,Jing-heng,
The Coterminal Characteristics of Political Units and Economic Regions in China,Dernberger,Robert,
Getting Around in Chinese: Chinese Skits for Beginners,Tao,Hilda,
"Hebei Province, Dahe Commune/Township: Data Sets and Codebook",Putterman,Louis,
"Research Guide to People's Daily Editorials, 1949–1975",Oksenberg,Michel,
"Study Guide to China: Adapting the Past, Confronting the Future",Buoye,Thomas,
"Study Guide to The Chinese: Adapting the Past, Facing the Future",Buoye,Thomas,
The Washing Away of Wrongs: Forensic Medicine in Thirteenth-Century China,Sung,Tz'u,
Traditional Medicine in Contemporary China: A Partial Translation of Revised Outline of Chinese Medicine (1972) with an Introductory Study on Change in Present-Day and Early Medicine,Sivin,Nathan,
Science and Medicine in Twentieth-Century China: Research and Education,Bowers,John,
"Japan's First Modern Novel: ""Ukigumo"" of Futabatei Shimei",Ryan,Marleigh,
Grass on the Wayside (Michikusa): A Novel,Natsume,Sōseki,
"Kafū the Scribbler: The Life and Writings of Nagai Kafū, 1897-1959",Seidensticker,Edward,
"Ōkagami, The Great Mirror: Fujiwara Michinaga (966-1027) and His Times",McCullough,Helen,
The Love Suicide at Amijima: A Study of a Japanese Domestic Tragedy by Chikamatsu Monzaemon,Shively,Donald,
Literary and Art Theories in Japan,Ueda,Makoto,
Japan: From Prehistory to Modern Times,Hall,John,
Education in Tokugawa Japan,Dore,R.,
Tales of Times Now Past: Sixty-Two Stories from a Medieval Japanese Collection,Ury,Marian,
"The Economic Development of Japan: Growth and Structural Change, 1868-1938",Lockwood,William,
Research in Japanese Sources: A Guide,Webb,Herschel,
"This Kind of Woman: Ten Stories by Japanese Women Writers, 1960-1976",Tanaka,Yukiko,
Personality in Japanese History,Craig,Albert,
Suye Mura: A Japanese Village,Embree,John,
"They Came to Japan: An Anthology of European Reports on Japan, 1543-1640",Cooper,Michael,
Accomplices of Silence: The Modern Japanese Novel,Miyoshi,Masao,
And Then,Natsume,Sōseki,
"Tokugawa Ideology: Early Constructs, 1570-1680",Ooms,Herman,
"Government and Local Power in Japan, 500-1700: A Study Based on Bizen Province",Hall,John,
Japan in Crisis: Essays on Taishō Democracy,Silberman,Bernard,
The Splendor of Longing in the Tale of Genji,Field,Norma,
Victors' Justice: The Tokyo War Crimes Trial,Minear,Richard,
Sanshiro: A Novel,Natsume,Sōseki,
Christian Converts and Social Protests in Meiji Japan,Scheiner,Irwin,
Paradise in the Sea of Sorrow: Our Minamata Disease,Ishimure,Michiko,
Pictures of the Heart: The Hyakunin Isshu in Word and Image,Mostow,Joshua,
A Japanese New Religion: Risshō Kōsei-kai in a Mountain Hamlet,Guthrie,Stewart,Author
The Three Jewels: A Study and Translation of Minamoto Tamenori's Sanbōe,Kamens,Edward,Author
"Long, Long Autumn Nights: Selected Poems of Oguma Hideo, 1901–1940",Oguma,Hideo,Author
"Long, Long Autumn Nights: Selected Poems of Oguma Hideo, 1901–1940",Goodman,David,Translator
"Theater as Music: The Bunraku Play ""Mt. Imo and Mt. Se: An Exemplary Tale of Womanly Virtue""",Gerstle,C.,Author
"Theater as Music: The Bunraku Play ""Mt. Imo and Mt. Se: An Exemplary Tale of Womanly Virtue""",Inobe,Kiyoshi,Author
The Buddhist Poetry of the Great Kamo Priestess: Daisaiin Senshi and Hosshin Wakashū,Kamens,Edward,Author
Rethinking Sorrow: Revelatory Tales of Late Medieval Japan,Childs,Margaret,Author
Conversations with Shōtetsu,Brower,Robert,Author
Conversations with Shōtetsu,Carter,Steven,Author
The Cult of Kasuga Seen Through Its Art,Tyler,Susan,Author
The Tale of Matsura: Fujiwara Teika's Experiment in Fiction,Lammers,Wayne,Author
Poems of the Five Mountains: An Introduction to the Literature of the Zen Monasteries,Ury,Marian,Author
New Leaves: Studies and Translations of Japanese Literature in Honor of Edward Seidensticker,Gatten,Aileen,Editor
New Leaves: Studies and Translations of Japanese Literature in Honor of Edward Seidensticker,Chambers,Anthony,Editor
Black Eggs: Poems by Kurihara Sadako,Kurihara,Sadako,Author
Black Eggs: Poems by Kurihara Sadako,Minear,Richard,Translator
Avatars of Vengeance: Japanese Drama and the Soga Literary Tradition,Kominz,Laurence,Author
The Wild Goose,Mori,Ōgai,Author
The Wild Goose,Watson,Burton,Translator
The Distant Isle: Studies and Translations of Japanese Literature in Honor of Robert H. Brower,Hare,Thomas,Editor
The Distant Isle: Studies and Translations of Japanese Literature in Honor of Robert H. Brower,Borgen,Robert,Editor
Regent Redux: A Life of the Statesman-Scholar Ichijō Kaneyoshi,Carter,Steven,Author
Righteous Cause or Tragic Folly: Changing Views of War in Modern Japanese Poetry,Rabson,Steve,Author
Child of Darkness: Yōko and Other Stories,Furui,Yoshikichi,Author
Child of Darkness: Yōko and Other Stories,Storey,Donna,Translator
The Kagerō Diary: A Woman's Autobiographical Text from Tenth-Century Japan,Arntzen,Sonja,Translator
Studies in Modern Japanese Literature,Washburn,Dennis,Editor
Studies in Modern Japanese Literature,Tansman,Alan,Editor
Writing and Renunciation in Medieval Japan: The Works of the Poet-Priest Kamo no Chōmei,Pandey,Rajyashree,Author
The Shade of Blossoms,Ōoka,Shōhei,Author
The Shade of Blossoms,Washburn,Dennis,Translator
"When We Say ""Hiroshima"": Selected Poems",Kurihara,Sadako,Author
"When We Say ""Hiroshima"": Selected Poems",Minear,Richard,Translator
A Tanizaki Feast: The International Symposium in Venice,Boscaro,Adriana,Editor
A Tanizaki Feast: The International Symposium in Venice,Chambers,Anthony,Editor
Women and Class in Japanese History,Tonomura,Hitomi,Editor
Women and Class in Japanese History,Walthall,Anne,Editor
The Evolution of the Japanese Past and Perfective Suffixes,Sandness,Karen,Author
Essays on the Modern Japanese Church,Yamaji,Aizan,Author
Essays on the Modern Japanese Church,Squires,Graham,Translator
Yosano Akiko and The Tale of Genji,Rowley,G. G.,Author
Spirits of Another Sort: The Plays of Izumi Kyōka,Poulton,Cody,Author
"""Dark Pictures"" and Other Stories",Noma,Hiroshi,Author
"""Dark Pictures"" and Other Stories",Raeside,James,Translator
"Local Voices, National Issues: The Impact of Local Initiative in Japanese Policy-Making",Smith,Sheila,Editor
Shugendō: Essays on the Structure of Japanese Folk Religion,Miyake,Hitoshi,Author
Shugendō: Essays on the Structure of Japanese Folk Religion,Earhart,H. Byron,Editor
Shanghai: A Novel by Yokomitsu Riichi,Yokomitsu,Riichi,Author
Shanghai: A Novel by Yokomitsu Riichi,Washburn,Dennis,Translator
The Phonological Basis for the Comparison of Japanese and Korean,Whitman,John,Author
Individual Dignity in Modern Japanese Thought: The Evolution of the Concept of Jinkaku in Moral and Educational Discourse,Inoue,Kyoko,Author
Takebe Ayatari: A Bunjin Bohemian in Early Modern Japan,Marceau,Lawrence,Author
Dances with Sheep: The Quest for Identity in the Fiction of Murakami Haruki,Strecher,Matthew,Author
"Figures of Desire: Wordplay, Spirit Possession, Fantasy, Madness, and Mourning in Japanese Noh Plays",Terasaki,Etsuko,Author
Treatise on Epistolary Style,Lamers,Jeroen,Translator
Transformations of Sensibility: The Phenomenology of Meiji Literature,Kamei,Hideo,Author
Transformations of Sensibility: The Phenomenology of Meiji Literature,Bourdaghs,Michael,Editor
"Religion and Society in Nineteenth-Century Japan: A Study of the Southern Kantō Region, Using Late Edo and Early Meiji Gazetteers",Hardacre,Helen,Author
Confluences: Postwar Japan and France,Slaymaker,Doug,Editor
Engendering Faith: Women and Buddhism in Premodern Japan,Ruch,Barbara,Editor
Modality and the Japanese Language,Johnson,Yuki,Author
Japanese Painting and National Identity: Okakura Tenshin and His Circle,Weston,Victoria,Author
State of War: The Violent Order of Fourteenth-Century Japan,Conlan,Thomas,Author
Song of Sadness,Endō,Shūsaku,Author
Song of Sadness,Shimizu,Teruyo,Translator
"Novel Japan: Spaces of Nationhood in Early Meiji Narrative, 1870–88",Mertz,John Pierre,Author
Ozu's Anti-Cinema,Yoshida,Kiju,Author
Ozu's Anti-Cinema,Miyao,Daisuke,Translator
"Musashino in Tuscany: Japanese Overseas Travel Literature, 1860–1912",Fessler,Susanna,Author
A Wife in Musashino,Ōoka,Shōhei,Author
A Wife in Musashino,Washburn,Dennis,Translator
JAPANimals: History and Culture in Japan's Animal Life,Pflugfelder,Gregory,Editor
JAPANimals: History and Culture in Japan's Animal Life,Walker,Brett,Editor
"Shadows on the Screen: Tanizaki Jun'ichirō on Cinema and ""Oriental"" Aesthetics",LaMarre,Thomas,Author
Objects of Discourse: Memoirs by Women of Heian Japan,Wallace,John,Author
Revealed Identity: The Noh Plays of Komparu Zenchiku,Atkins,Paul,Author
A Zen Life in Nature: Musō Soseki in His Gardens,Davidson,Keir,Author
A Cultural History of Japanese Women's Language,Endō,Orie,Author
School of Freedom,Shishi,Bunroku,Author
School of Freedom,Riggs,Lynne,Translator
Mishima on Stage: The Black Lizard and Other Plays,Kominz,Laurence,Editor
"The Bluestockings of Japan: New Woman Essays and Fiction from Seitō, 1911–16",Bardsley,Jan,Author
White-Haired Melody,Furui,Yoshikichi,Author
White-Haired Melody,McKinney,Meredith,Translator
"Preachers, Poets, Women, and the Way: Izumi Shikibu and the Buddhist Literature of Medieval Japan",Kimbrough,R. Keller,Author
Daily Life and Demographics in Ancient Japan,Farris,William,Author
A Page of Madness: Cinema and Modernity in 1920s Japan,Gerow,Aaron,Author
Research Guide to Japanese Film Studies,Nornes,Abé Markus,Author
Research Guide to Japanese Film Studies,Gerow,Aaron,Author
An Anthology of Nagauta,Malm,William,Author
"Television, Japan, and Globalization",Yoshimoto,Mitsuhiro,Editor
"Television, Japan, and Globalization",Tsai,Eva,Editor
"The Linguistic Turn in Contemporary Japanese Literary Studies: Politics, Language, Textuality",Bourdaghs,Michael,Editor
Imagination without Borders: Feminist Artist Tomiyama Taeko and Social Responsibility,Hein,Laura,Editor
Imagination without Borders: Feminist Artist Tomiyama Taeko and Social Responsibility,Jennison,Rebecca,Author
The Female as Subject: Reading and Writing in Early Modern Japan,Kornicki,P. F.,Editor
The Female as Subject: Reading and Writing in Early Modern Japan,Patessio,Mara,Editor
Women and Public Life in Early Meiji Japan: The Development of the Feminist Movement,Patessio,Mara,Author
Nowaki,Natsume,Sōseki,Author
Nowaki,Ridgeway,William,Translator
Laughing Wolf,Tsushima,Yūko,Author
Laughing Wolf,Washburn,Dennis,Translator
Rethinking Japanese History,Amino,Yoshihiko,Author
Rethinking Japanese History,Tonomura,Hitomi,Contributor
"Conquering Demons: The ""Kirishitan,"" Japan, and the World in Early Modern Japanese Literature",Leuchtenberger,Jan,Author
"Lords of the Sea: Pirates, Violence, and Commerce in Late Medieval Japan",Shapinsky,Peter,Author
Going to Court to Change Japan: Social Movements and the Law in Contemporary Japan,Steinhoff,Patricia,Editor
The Culture of the Quake: The Great Kanto Earthquake and Taishō Japan,Bates,Alex,Author
The American and Japanese Auto Industries in Transition: Report of the Joint U.S.–Japan Automotive Study,Cole,Robert,
Asia through Film: An Annotated Guide to Films on Asia in the University of Michigan Audio-Visual Education Center,Hymes,Jo Ann,
Bibliographic Materials in the Japanese Language on Far Eastern Archeology and Ethnology,Beardsley,Richard,
A Bibliography of Japanese Dialects,Brower,Robert,
A Bibliography of Reference Works for Japanese Studies,Fukuda,Naomi,
Contemporary Japanese Budget Politics,Campbell,John Creighton,
Current Studies in Japanese Law,Gray,Whitmore,
Five Studies in Japanese Politics,Ward,Robert,
Grand Old Man and the Great Tradition: Essays on Tanizaki Jun'ichirô in Honor of Adriana Boscaro,Bienati,Luisa,
How Policies Change: The Japanese Government and the Aging Society,Campbell,John Creighton,
An Introduction to Kambun,Crawcour,Sydney,
"Japan Election Data: The House of Representatives, 1947–1990",Reed,Steven,
Japanese Economics: A Guide to Japanese Reference and Research Materials,Remer,C.,
Japanese Geography: A Guide to Japanese Reference and Research Materials,Hall,Robert,
"Japanese History: A Guide to Survey Histories, Part I, By Period",Fukuda,Naomi,
"Japanese History: A Guide to Survey Histories, Part II, Literature",Fukuda,Naomi,
Japanese Language Studies in the Shōwa Period: A Guide to Japanese Reference and Research Materials,Yamagiwa,Joseph,
Japanese Literature of the Shōwa Period: A Guide to Japanese Reference and Research Materials,Yamagiwa,Joseph,
Japanese Political Science: A Guide to Japanese Reference and Research Materials,Ward,Robert,
Japanese Religion and Philosophy: A Guide to Japanese Reference and Research Materials,Holzman,Donald,
Japanese Sociology and Social Anthropology: A Guide to Japanese Reference and Research Materials,Beardsley,Richard,
A Practical Guide for Teachers of Elementary Japanese,Simon,Mutsuko,
The Social Democratic Movement in Prewar Japan,Totten,George,
Studies in Japanese Culture 1,Beardsley,Richard,
Studies in Japanese Culture II,French,Calvin,
Studies in Japanese History and Politics,Beardsley,Richard,
Studies on Economic Life in Japan,Beardsley,Richard,
Supplementary Grammar Notes to An Introduction to Modern Japanese: Part 1: Lessons 1-15,Simon,Mutsuko,
Supplementary Grammar Notes to An Introduction to Modern Japanese: Part 2: Lessons 16-30,Simon,Mutsuko,
Tanizaki in Western Languages: A Bibliography of Translations and Studies,Boscaro,Adriana,
The Tokyo Trials: A Functional Index to the Proceedings of the International Military Tribunal for the Far East,Dull,Paul,
Two Japanese Villages,Cornell,John,
Windows on the Japanese Past: Studies in Archaeology and Prehistory,Pearson,Richard,
Political Leadership in Contemporary Japan,MacDougall,Terry,
"Parties, Candidates, and Voters in Japan: Six Quantitative Studies",Campbell,John Creighton,
Japanese Automotive Industry: Model and Challenge for the Future?,Cole,Robert,
"Survey of Japanese Collections in the United States, 1979–1980",Fukuda,Naomi,
"Culture and Religion in Japanese-American Relations: Essays on Uchimura Kanzō, 1861–1930",Moore,Ray,
Sukeroku's Double Identity: The Dramatic Structure of Edo Kabuki,Thornbury,Barbara,
Industry at the Crossroads,Cole,Robert,
Treelike: The Poetry of Kinoshita Yüji,Kinoshita,Yūji,
The New Religions of Japan: A Bibliography of Western-Language Materials,Earhart,H. Bryon,
"Automobiles and the Future: Competition, Cooperation, and Change",Cole,Robert,
Collective Decision Making in Rural Japan,Marshall,Robert,
"""The Sting of Death"" and Other Stories",Shimao,Toshio,
The American Automobile Industry: Rebirth or Requiem?,Cole,Robert,
"Entrepreneurship in a ""Mature Industry""",Campbell,John Creighton,
The Japanese Competition: Phase 2,Arnesen,Peter,
Is There Enough Business to Go Around? Overcapacity in the Auto Industry,Arnesen,Peter,
Protohistoric Yamato: Archaeology of the First Japanese State,Barnes,Gina,
The Auto Industry Ahead: Who's Driving?,Arnesen,Peter,
Continuous Improvement: Quality Control Circles in Japanese Industry,Lillrank,Paul,
A History of Japan's Government-Business Relationship: The Passenger Car Industry,Genther,Phyllis,
The Transmission of Chinese Idealist Painting to Japan,Stanley-Baker,Joan,
Japanese Educational Productivity,Leestma,Robert,
Literary Patronage in Late Medieval Japan,Carter,Steven,
A Student Guide to Japanese Sources in the Humanities,Makino,Yasuko,
The Tale of Saigyo,McKinney,Meredith,
"My Life: Living, Loving, and Fighting",Sue,Sumii,
Ancient India in Its Wider World,Parker,Grant,
Beyond Curry: Quick and Easy Indian Cooking,Dandekar,Hemalata,
Masked Ritual and Performance in South India,Shulman,David,
The Train that Had Wings: Selected Stories of M. Mukundan,Davis,Donald,
"Powerful Learning: Buddhist Literati and the Throne in Burma's Last Dynasty, 1752–1885",Charney,Michael,
The Ram Khamaeng Controversy: Collected Papers,Chamberlain,James,
Studies in the Literature of the Great Vehicle: Three Mahayana Buddhist Texts,Gomez,Luis,
The Compound Verb in Hindi,Hook,Peter Edwin,
Critical Studies in Indian Grammarians I: The Theory of Homogeneity (Sāvarṇya),Deshpande,Madhav,
Introduction to Old Javanese Language and Literature: A Kawi Prose Anthology,Zurbuchen,Mary S.,
Reaction to World News Events and the Influence of Mass Media in an Indian Village,Poffenberger,Thomas,
Change and the Persistence of Tradition in India: Five Lectures,Park,Richard,
Compadre Colonialism: Studies in the Philippines under American Rule,Owen,Norman,
"Doctoral Dissertations on South Asia, 1966–1970: An Annotated Bibliography Covering North America, Europe, and Australia",Shulman,Frank,
The Labors of the Datoe and Other Essays on the Bataks of Asahan (North Sumatra),Bartlett,Harley Harris,
Evil in the Morning of the World: Phenomenological Approaches to a Balinese Community,Lansing,John Stephen,
Kinship and History in South Asia: Four Lectures,Trautmann,Thomas,
Studies in Malaysian Oral and Musical Traditions,Malm,William,
Law and Kingship in Thailand During the Reign of King Chulalongkorn,Engel,David,
Fertility and Family Life in an Indian Village,Poffenberger,Thomas,
Explorations in Early Southeast Asian History: The Origins of Southeast Asian Statecraft,Hall,Kenneth,
The Socialization of Family Size Values: Youth and Family Planning in an Indian Village,Poffenberger,Thomas,
"Economic Exchange and Social Interaction in Southeast Asia: Perspectives from Prehistory, History, and Ethnography",Hutterer,Karl,
Aryan and Non-Aryan in India,Deshpande,Madhav,
Austronesian Studies: Papers from the Second Eastern Conference on Austronesian Languages,Naylor,Paz Buenaventura,
"Hindi Structures: Intermediate Level, with Drills, Exercises, and Key",Hook,Peter Edwin,
A Kawi Lexicon,Wojowasito,Soewojo,
"Tankas from the Koelz Collection, Museum of Anthropology, University of Michigan",Copeland,Carolyn,
The Padaeng Chronicle and the Jengtung State Chronicle Translated,Mangrai,Sao,
The Lives of the Buddha in the Art and Literature of Asia,Cummings,Mary,
Organization for Change: A Systems Analysis of Family Planning in Rural India,Misra,Bhaskar,
The Philippine Economy and the United States: Studies in Past and Present Interactions,Owen,Norman,
"Karawitan: Source Readings in Javanese Gamelan and Vocal Music, Volume 1",Becker,Judith,
"Philippine Society and the Individual: Selected Essays of Frank Lynch, 1949–1976",Yengoyan,Aram,
Papers from a Conference on Thai Studies in Honor of William J. Gedney,Bickner,Robert,
Legitimacy and Symbols: The South Asian Writings of F. W. Buckler,Pearson,Michael,
Cultural Values and Human Ecology in Southeast Asia,Hutterer,Karl,
"Men to Bombay, Women at Home: Urban Influence on Sugao Village, Deccan Maharashtra, India, 1942–1982",Dandekar,Hemalata,
Selected Papers on Comparative Tai Studies,Gedney,William,
"Karawitan: Source Readings in Javanese Gamelan and Vocal Music, Volume 2",Becker,Judith,
"Karawitan: Source Readings in Javanese Gamelan and Vocal Music, Volume 3",Becker,Judith,
Ethnic Diversity and the Control of Natural Resources in Southeast Asia,Rambo,A.,
Writing on the Tongue,Becker,A.,
"The Burmese Polity, 1752–1819: Politics, Administration, and Social Organization in the Early Kon-baung Period",Koenig,William,
Boundaries of the Text: Epic Performances in South and Southeast Asia,Flueckiger,Joyce,
Exemplar of Americanism: The Philippine Career of Dean C. Worcester,Sullivan,Rodney,
Paninian Studies: Professor S. D. Joshi Felicitation Volume,Deshpande,Madhav,
"The Yay Language: Glossary, Texts, and Translations",Gedney,William,
"The Tai Dialect of Lungming: Glossary, Texts, and Translations",Gedney,William,
"Independence and Democracy in Burma, 1945–1952: The Turbulent Years",Singh,Balwant,
"The Saek Language: Glossary, Texts, and Translations",Gedney,William,
"Southwestern Tai Dialects: Glossaries, Texts, and Translations",Gedney,William,
"Central Tai Dialects: Glossaries, Texts, and Translations",Gedney,William,
"The Lue Language: Glossaries, Texts and Translations",Gedney,William,
"Tai Dialect Studies: Glossaries, Texts, and Translations",Gedney,William,
Thai and Indic Literary Studies,Gedney,William,
Samskrta-Subodhini: A Sanskrit Primer,Deshpande,Madhav,
The Journey: Stories by K. C. Das,Granoff,Phyllis,
Conversational Tamil,Karunakaran,K.,
Puppet Theater in Contemporary Indonesia: New Approaches to Performance Events,Mrazek,Jan,
"The Mertiyo Rathors of Merto, Rajasthan: Select Translations Bearing on the History of a Rajput Family, 1462–1660, Volumes 1–2",Saran,Richard,
The Pāḍæng Chronicle and the Jengtung State Chronicle Translated,Mangrai,Sao,
"Changing Lives, Changing Rites: Ritual and Social Dynamics in Philippine and Indonesian Uplands",Russell,Susan,
"After Duwagan: Deforestation, Succession, and Adaptation in Upland Luzon, Philippines",Brosius,Peter,
